org_id,asn
@aut-18678-LACNIC,18678
@aut-262195-LACNIC,262195
@aut-262589-LACNIC,262589
@aut-28032-LACNIC,28032
@aut-52280-LACNIC,52280
@aut-10269-LACNIC,10269
@aut-6568-LACNIC,6568
@aut-53237-LACNIC,53237
@aut-11830-LACNIC,11830
@aut-11830-LACNIC,28081
@aut-3790-LACNIC,3790
@aut-27725-LACNIC,27725
@aut-27725-LACNIC,264713
@aut-10569-LACNIC,10569
@aut-11960-LACNIC,11960
@family-41069,14420
@family-41069,26613
@family-41069,27757
@family-41069,27948
@family-41069,27968
@family-41069,28006
@family-41069,28011
@aut-7727-LACNIC,7727
@aut-7727-LACNIC,263794
@aut-27866-LACNIC,27768
@aut-27866-LACNIC,27866
@aut-27775-LACNIC,27775
@aut-27775-LACNIC,263240
@aut-5639-LACNIC,5639
@aut-6057-LACNIC,6057
@aut-6057-LACNIC,7167
@aut-27889-LACNIC,27889
@aut-8048-LACNIC,8048
@aut-8048-LACNIC,10293
@aut-52361-LACNIC,52361
ORG-AC4-AFRINIC,37468
ORG-AC4-AFRINIC,327788
ORG-AT1-AFRINIC,11259
ORG-AT1-AFRINIC,37059
ORG-NT1-AFRINIC,37155
ORG-PA11-AFRINIC,17400
ORG-TCAL1-AFRINIC,36907
ORG-OA6-AFRINIC,37586
ORG-BBSS1-AFRINIC,37545
@aut-28683-RIPE,28683
ORG-BFNL1-AFRINIC,37678
ORG-BTC2-AFRINIC,14988
ORG-CT6-AFRINIC,37451
@aut-15964-RIPE,15964
ORG-CMS1-AFRINIC,37517
ORG-DTS1-AFRINIC,30990
ORG-TA23-AFRINIC,33774
ORG-TA23-AFRINIC,36947
ORG-TA23-AFRINIC,327712
ORG-OTA3-AFRINIC,327931
@aut-8452-RIPE,8452
ORG-ETSC1-AFRINIC,30987
@aut-24757-RIPE,24757
@aut-25250-RIPE,25250
ORG-GA8-AFRINIC,328107
ORG-GDID1-AFRINIC,37529
ORG-OGQ1-AFRINIC,37173
ORG-CT3-AFRINIC,36939
ORG-LTC1-AFRINIC,37203
@aut-21003-RIPE,21003
ORG-AMAJ1-AFRINIC,328200
ORG-LITC1-AFRINIC,37558
ORG-LMPC1-AFRINIC,328286
ORG-AAFT1-AFRINIC,37284
ORG-AMAJ1-AFRINIC,328200
@family-49686,17652
@family-49686,23889
@family-49686,23889
ORG-MCS4-AFRINIC,36945
ORG-MCS4-AFRINIC,37042
ORG-TDM1-AFRINIC,30619
ORG-TDM1-AFRINIC,37064
ORG-TM2-AFRINIC,36865
ORG-SNDT2-AFRINIC,37385
ORG-SLTC1-AFRINIC,36928
ORG-MOIA1-AFRINIC,327903
ORG-SP2-AFRINIC,19711
ORG-SP2-AFRINIC,327762
ORG-ADDD1-AFRINIC,328104
ORG-GSTS1-AFRINIC,37544
@aut-24691-RIPE,24691
@aut-2609-RIPE,2609
ORG-OT3-AFRINIC,37492
ORG-OT3-AFRINIC,328126
ORG-ATD4-RIPE,5438
ORG-DL6-RIPE,5532
ORG-DL6-RIPE,15735
ORG-DL6-RIPE,29387
ORG-TA40-AFRINIC,37705
ORG-MA28-AFRINIC,37508
ORG-BI2-AFRINIC,327698
ORG-TSL2-AFRINIC,5713
ORG-TSL2-AFRINIC,5734
ORG-TSL2-AFRINIC,37118
ORG-TSL2-AFRINIC,37167
ORG-TSL2-AFRINIC,37251
ORG-TSL2-AFRINIC,37457
ORG-TSL2-AFRINIC,328028
ORG-IL12-AFRINIC,22572
ORG-ZA1-AFRINIC,7420
ORG-ZTCL1-AFRINIC,37154
ORG-FL5-AFRINIC,328570
ORG-NCL2-AFRINIC,328088
ORG-PC2-AFRINIC,37184
ORG-TPL1-AFRINIC,37204
ORG-TZ1-AFRINIC,327770
ORG-PPL1-AFRINIC,36999
ORG-TN2-AFRINIC,20459
ORG-TN2-AFRINIC,36996
ORG-GCN1-AP-APNIC,55330
ORG-NCL2-AP-APNIC,55834
ORG-NCL2-AP-APNIC,137525
ORG-BSCC1-AP-APNIC,132602
ORG-BTTB1-AP-APNIC,17494
ORG-BTTB1-AP-APNIC,23876
ORG-BTTB1-AP-APNIC,45532
ORG-BTTB1-AP-APNIC,45588
ORG-BTTB1-AP-APNIC,45607
ORG-BTTB1-AP-APNIC,56031
ORG-BTTB1-AP-APNIC,56032
ORG-BTTB1-AP-APNIC,131102
ORG-TBL1-AP-APNIC,45925
ORG-TBL1-AP-APNIC,45925
ORG-BTL2-AP-APNIC,17660
ORG-BTL2-AP-APNIC,18024
ORG-BTL2-AP-APNIC,18025
ORG-JTB1-AP-APNIC,4617
ORG-JTB1-AP-APNIC,10094
@aut-133788-APNIC,133788
ORG-TC1-AP-APNIC,17726
ORG-TC1-AP-APNIC,132820
@aut-131325-APNIC,131325
@aut-132176-APNIC,132176
@aut-132177-APNIC,132177
@aut-132178-APNIC,132178
@aut-132179-APNIC,132179
@aut-132180-APNIC,132180
@aut-132181-APNIC,132181
@aut-132182-APNIC,132182
@aut-132183-APNIC,132183
@aut-132184-APNIC,132184
@aut-132185-APNIC,132185
@aut-132186-APNIC,132186
@aut-132187-APNIC,132187
@aut-132188-APNIC,132188
@aut-132189-APNIC,132189
@aut-132190-APNIC,132190
@aut-132191-APNIC,132191
@aut-133774-APNIC,133774
@aut-133775-APNIC,133775
@aut-133776-APNIC,133776
@aut-134417-APNIC,134417
@aut-134417-APNIC,134422
@aut-134417-APNIC,134423
@aut-134418-APNIC,134418
@aut-134419-APNIC,134419
@aut-134420-APNIC,134420
@aut-134421-APNIC,134421
@aut-136185-APNIC,136185
@aut-136186-APNIC,136186
@aut-136188-APNIC,136188
@aut-136190-APNIC,136190
@aut-136191-APNIC,136191
@aut-136192-APNIC,136192
@aut-136193-APNIC,136193
@aut-136194-APNIC,136194
@aut-136195-APNIC,136195
@aut-136196-APNIC,136196
@aut-136197-APNIC,136197
@aut-137686-APNIC,137686
@aut-137687-APNIC,137687
@aut-137688-APNIC,137688
@aut-137689-APNIC,137689
@aut-137690-APNIC,137690
@aut-137691-APNIC,137691
@aut-137692-APNIC,137692
@aut-137693-APNIC,137693
@aut-137694-APNIC,137694
@aut-137695-APNIC,137695
@aut-137696-APNIC,137696
@aut-137697-APNIC,137697
@aut-137698-APNIC,137698
@aut-137699-APNIC,137699
@aut-137700-APNIC,137700
@aut-17442-APNIC,17442
@aut-17633-APNIC,17633
@aut-17638-APNIC,17638
@aut-17672-APNIC,17672
@aut-17777-APNIC,17777
@aut-17785-APNIC,17785
@aut-17799-APNIC,17799
@aut-17883-APNIC,17883
@aut-17896-APNIC,17896
@aut-17897-APNIC,17897
@aut-17923-APNIC,17923
@aut-17998-APNIC,17998
@aut-23650-APNIC,23650
@aut-23724-APNIC,23724
@aut-38283-APNIC,38283
@aut-4134-APNIC,4134
@aut-4134-APNIC,45256
@aut-4809-APNIC,4809
@aut-4810-APNIC,4810
@aut-4811-APNIC,4811
@aut-4811-APNIC,4812
@aut-4813-APNIC,4813
@aut-4835-APNIC,4815
@aut-4835-APNIC,4816
@aut-4835-APNIC,4835
@aut-55877-APNIC,55877
@aut-58517-APNIC,58517
@aut-58518-APNIC,58518
@aut-58519-APNIC,58519
@aut-58520-APNIC,58520
@aut-58539-APNIC,58539
@aut-58540-APNIC,58540
@aut-58541-APNIC,58541
@aut-58542-APNIC,58542
@aut-58543-APNIC,58543
@aut-58563-APNIC,58563
@aut-58564-APNIC,58564
@aut-58565-APNIC,58565
@aut-58566-APNIC,58566
@aut-58571-APNIC,58567
@aut-58571-APNIC,58568
@aut-58571-APNIC,58569
@aut-58571-APNIC,58570
@aut-58571-APNIC,58571
@aut-58571-APNIC,58572
@aut-58571-APNIC,58573
@aut-58571-APNIC,58574
@aut-59265-APNIC,59265
@aut-63659-APNIC,63659
@aut-63810-APNIC,63810
@aut-63811-APNIC,63811
@aut-63812-APNIC,63812
@aut-63813-APNIC,63813
@aut-63814-APNIC,63814
@aut-63815-APNIC,63815
@aut-63816-APNIC,63816
@aut-63817-APNIC,63817
@aut-63818-APNIC,63818
@aut-63819-APNIC,63819
@aut-63820-APNIC,63820
@aut-63821-APNIC,63821
@aut-63822-APNIC,63822
@aut-63823-APNIC,63823
@aut-63824-APNIC,63824
@aut-63825-APNIC,63825
@aut-9800-APNIC,9800
@aut-9929-APNIC,4659
@aut-9929-APNIC,4799
@aut-9929-APNIC,4814
@aut-9929-APNIC,4837
@aut-9929-APNIC,9929
@aut-9929-APNIC,17620
@aut-9929-APNIC,17788
@aut-9929-APNIC,17789
@aut-9929-APNIC,17790
@aut-9929-APNIC,17791
@family-14357,4808
@family-14357,10206
@family-14357,17621
@family-14357,17622
@family-14357,17623
@family-14357,17816
@family-14357,63836
@family-14357,63837
@family-14357,133118
@family-14357,133119
@family-14357,134542
@family-14357,134543
@family-14357,135061
@family-14357,136958
@family-14357,136959
@family-14357,137539
@family-59023,137701
@family-59023,137702
@family-60045,132154
@family-60045,133373
@family-60045,133503
CTUC-ARIN,36678
CUAOL-ARIN,19174
ORG-CM1-AP-APNIC,9808
ORG-CM1-AP-APNIC,24311
ORG-CM1-AP-APNIC,24400
ORG-CM1-AP-APNIC,24444
ORG-CM1-AP-APNIC,24445
ORG-CM1-AP-APNIC,24547
ORG-CM1-AP-APNIC,38019
ORG-CMCC1-AP-APNIC,24059
ORG-CMCC1-AP-APNIC,45120
ORG-CMCC1-AP-APNIC,56040
ORG-CMCC1-AP-APNIC,56041
ORG-CMCC1-AP-APNIC,56042
ORG-CMCC1-AP-APNIC,56044
ORG-CMCC1-AP-APNIC,56045
ORG-CMCC1-AP-APNIC,56046
ORG-CMCC1-AP-APNIC,56047
ORG-CMCC1-AP-APNIC,56048
ORG-CMCC1-AP-APNIC,132501
ORG-CMCC1-AP-APNIC,132510
ORG-CMCC1-AP-APNIC,132511
ORG-CMCC1-AP-APNIC,132525
ORG-CMCC1-AP-APNIC,134810
ORG-CMCC1-AP-APNIC,136755
ORG-CMHK1-AP-APNIC,9231
ORG-CMHK1-AP-APNIC,137872
ORG-CMIL1-AP-APNIC,58453
ORG-CMIL1-AP-APNIC,58807
ORG-CTC3-AP-APNIC,58628
ORG-CTEL2-RIPE,44218
ORG-CTEL2-RIPE,49209
ORG-CTGL1-AP-APNIC,63527
ORG-CTGL1-AP-APNIC,64079
ORG-CTSA1-AFRINIC,25726
ORG-CUCL1-AP-APNIC,136167
ORG-CUKO1-AP-APNIC,10099
ORG-CUKO1-AP-APNIC,132101
ORG-CUOL2-RIPE,197407
ORG-CUOP1-AP-APNIC,132281
ORG-CUOP2-AP-APNIC,134821
ORG-SCTL1-AP-APNIC,24545
ORG-CL1-AP-APNIC,59257
@aut-18118-APNIC,18118
@aut-18118-APNIC,45056
@aut-24138-APNIC,24138
@aut-63711-APNIC,9394
@aut-63711-APNIC,63711
@del-9392,9392
ORG-AS4-AP-APNIC,137401
ORG-ATSL1-AP-APNIC,17975
ORG-CTIC1-AP-APNIC,2772
ORG-CTIC1-AP-APNIC,3689
ORG-CTIC1-AP-APNIC,3690
ORG-CTIC1-AP-APNIC,3691
ORG-CTIC1-AP-APNIC,3692
ORG-CTIC1-AP-APNIC,3693
ORG-CTIC1-AP-APNIC,4058
ORG-CTIC1-AP-APNIC,5017
ORG-CTIC1-AP-APNIC,5018
ORG-CTIC1-AP-APNIC,9440
ORG-CTIC1-AP-APNIC,9538
ORG-CTIC1-AP-APNIC,9665
ORG-CTIL1-AP-APNIC,17554
ORG-CTIL1-AP-APNIC,38864
ORG-CTIL2-AP-APNIC,7705
ORG-CTIL2-AP-APNIC,17814
ORG-DHPL1-AP-APNIC,137402
ORG-NTPL1-AP-APNIC,137266
ORG-SL1-AP-APNIC,17988
ORG-LL250-RIPE,12976
ORG-LTB1-RIPE,3327
ORG-PIPL1-AP-APNIC,4628
ORG-PIPL1-AP-APNIC,4765
ORG-PIPL1-AP-APNIC,45166
ORG-PIPL1-AP-APNIC,58578
ORG-PIPL1-AP-APNIC,135623
ORG-PIPL1-AP-APNIC,136464
ORG-ATHK1-AP-APNIC,4865
ORG-ATHK1-AP-APNIC,134783
ORG-CIS1-AP-APNIC,4638
ORG-ISTF1-AP-APNIC,45349
ORG-ISTF1-AP-APNIC,131108
ORG-FITL1-AP-APNIC,9241
ORG-TVL1-AP-APNIC,9249
ORG-VFL1-AP-APNIC,38442
ORG-OA9-AP-APNIC,55943
ORG-VS2-AP-APNIC,9471
ORG-BSNL1-AP-APNIC,9829
@aut-17813-APNIC,17813
@aut-17813-APNIC,59319
@aut-23693-APNIC,23693
ORG-TI10-AP-APNIC,7713
ORG-TI10-AP-APNIC,17974
ORG-TIIK1-AP-APNIC,58944
ORG-TIIP2-AP-APNIC,56308
ORG-TIIP2-AP-APNIC,58513
ORG-TIIS1-AP-APNIC,58731
@aut-38750-APNIC,38750
ORG-SJVC1-AP-APNIC,131279
ORG-LTCL2-AP-APNIC,9873
ORG-LTCL2-AP-APNIC,133630
ORG-CDTD1-AP-APNIC,4609
ORG-CDTD1-AP-APNIC,7617
ORG-CDTD1-AP-APNIC,24335
ORG-TTMB1-AP-APNIC,4788
ORG-TTMB1-AP-APNIC,9986
ORG-AL4-AP-APNIC,24432
ORG-AL4-AP-APNIC,56138
ORG-DAP1-AP-APNIC,17770
ORG-DAP1-AP-APNIC,18001
ORG-NPL10-AP-APNIC,38565
ORG-SACL1-AP-APNIC,38600
ORG-SACL1-AP-APNIC,45498
@family-46975,17885
@family-46975,24203
@family-46975,24208
ORG-CSB2-AP-APNIC,10030
ORG-FSOM1-AP-APNIC,10130
ORG-FSOM1-AP-APNIC,38875
ORG-FSOM1-AP-APNIC,45193
ORG-FSOM1-AP-APNIC,58524
ORG-FSOM1-AP-APNIC,139759
ORG-MT4-AP-APNIC,9934
ORG-MPT1-AP-APNIC,9988
ORG-MPT1-AP-APNIC,45558
ORG-MPT1-AP-APNIC,63982
ORG-NTC1-AP-APNIC,23752
ORG-NTC1-AP-APNIC,55726
ORG-NTC1-AP-APNIC,58413
ORG-ODPE1-AP-APNIC,18200
ORG-ANLI3-AP-APNIC,134597
ORG-PTCL1-AP-APNIC,4661
ORG-PTCL1-AP-APNIC,9557
ORG-PTCL1-AP-APNIC,17557
ORG-PTCL1-AP-APNIC,45595
ORG-PNCC1-AP-APNIC,17893
ORG-TPL11-AP-APNIC,17828
ORG-TPL11-AP-APNIC,135571
ORG-TPL12-AP-APNIC,38009
ORG-TPL12-AP-APNIC,45826
ORG-DA14-AP-APNIC,55792
ORG-BL10-AP-APNIC,133137
@aut-9911-APNIC,9911
ORG-SOPL2-AP-APNIC,4643
ORG-SOPL2-AP-APNIC,4778
ORG-SOPL2-AP-APNIC,4794
ORG-SOPL2-AP-APNIC,4804
ORG-SOPL2-AP-APNIC,7474
ORG-SOPL2-AP-APNIC,9243
ORG-SOPL2-AP-APNIC,9250
ORG-SOPL2-AP-APNIC,9252
ORG-SOPL2-AP-APNIC,9257
ORG-SOPL2-AP-APNIC,9261
ORG-SOPL2-AP-APNIC,9279
ORG-SOPL2-AP-APNIC,9342
ORG-SOPL2-AP-APNIC,9408
ORG-SOPL2-AP-APNIC,9426
ORG-SOPL2-AP-APNIC,9438
ORG-SOPL2-AP-APNIC,9447
ORG-SOPL2-AP-APNIC,9473
ORG-SOPL2-AP-APNIC,9477
ORG-SOPL2-AP-APNIC,9480
ORG-SOPL2-AP-APNIC,9550
ORG-SOPL2-AP-APNIC,9553
ORG-SOPL2-AP-APNIC,9564
ORG-SOPL2-AP-APNIC,9624
ORG-SOPL2-AP-APNIC,9626
ORG-SOPL2-AP-APNIC,9668
ORG-SOPL2-AP-APNIC,9672
ORG-SOPL2-AP-APNIC,9682
ORG-SOPL2-AP-APNIC,9746
ORG-SOPL2-AP-APNIC,9932
ORG-SOPL2-AP-APNIC,9933
ORG-SOPL2-AP-APNIC,9983
ORG-SOPL2-AP-APNIC,9985
ORG-SOPL2-AP-APNIC,10115
ORG-SOPL2-AP-APNIC,10119
ORG-SOPL2-AP-APNIC,10128
ORG-SOPL2-AP-APNIC,10134
ORG-SOPL2-AP-APNIC,10142
ORG-SOPL2-AP-APNIC,10150
ORG-SOPL2-AP-APNIC,10218
ORG-SOPL2-AP-APNIC,10221
ORG-SOPL2-AP-APNIC,10237
ORG-SOPL2-AP-APNIC,17461
ORG-SOPL2-AP-APNIC,17662
ORG-SOPL2-AP-APNIC,17719
ORG-SOPL2-AP-APNIC,17722
ORG-SOPL2-AP-APNIC,17738
ORG-SOPL2-AP-APNIC,17757
ORG-SOPL2-AP-APNIC,18102
ORG-SOPL2-AP-APNIC,18191
ORG-SOPL2-AP-APNIC,18208
ORG-SOPL2-AP-APNIC,18213
ORG-SOPL2-AP-APNIC,18430
ORG-SOPL2-AP-APNIC,23895
ORG-SOPL2-AP-APNIC,23909
ORG-SOPL2-AP-APNIC,23968
ORG-SOPL2-AP-APNIC,24340
ORG-SOPL2-AP-APNIC,24510
ORG-SOPL2-AP-APNIC,37931
ORG-SOPL2-AP-APNIC,38214
ORG-SOPL2-AP-APNIC,45206
ORG-SOPL2-AP-APNIC,45228
ORG-SOPL2-AP-APNIC,45623
ORG-SOPL2-AP-APNIC,56084
ORG-SOPL2-AP-APNIC,56104
ORG-SPL1-AP-APNIC,3758
ORG-SPL1-AP-APNIC,4772
ORG-SPL1-AP-APNIC,9247
ORG-SPL1-AP-APNIC,9719
ORG-SPL1-AP-APNIC,9877
ORG-SPL1-AP-APNIC,17919
ORG-SPL1-AP-APNIC,38213
ORG-STIE1-AP-APNIC,7473
ORG-STIE1-AP-APNIC,7700
ORG-STIE1-AP-APNIC,10140
ORG-STIE1-AP-APNIC,24493
ORG-STIE1-AP-APNIC,38612
ORG-LCSL1-AP-APNIC,5087
ORG-LCSL1-AP-APNIC,45338
ORG-STHK1-AP-APNIC,17888
ORG-STLM1-AP-APNIC,9506
ORG-STMP1-AP-APNIC,45143
ORG-STPL11-AP-APNIC,23856
ORG-STPL11-AP-APNIC,137468
ORG-STJL1-AP-APNIC,17977
ORG-STKL1-AP-APNIC,9884
ORG-STTL1-AP-APNIC,4845
ORG-UPL2-AP-APNIC,10223
ORG-STCL1-AP-APNIC,45891
ORG-STCL1-AP-APNIC,134525
ORG-SISC1-AP-APNIC,139609
ORG-SLTL1-AP-APNIC,9329
ORG-SLTL1-AP-APNIC,17904
ORG-SLTL1-AP-APNIC,45489
ORG-SLTL1-AP-APNIC,131173
ORG-CTPC1-AP-APNIC,4651
ORG-CTPC1-AP-APNIC,4652
ORG-CTPC1-AP-APNIC,9335
ORG-CTPC1-AP-APNIC,9931
ORG-CTPC1-AP-APNIC,18252
ORG-CTPC1-AP-APNIC,131089
ORG-CTPC1-AP-APNIC,131090
ORG-TPCL1-AP-APNIC,9737
ORG-TPCL1-AP-APNIC,23969
ORG-TPCL1-AP-APNIC,37930
ORG-TPCL1-AP-APNIC,38040
ORG-TPCL1-AP-APNIC,131293
ORG-TPCL1-AP-APNIC,134166
ORG-TPCL1-AP-APNIC,137053
ORG-TCC3-AP-APNIC,38201
ORG-TCL12-AP-APNIC,132579
ORG-GOT2-AP-APNIC,23917
@aut-24086-APNIC,24086
@aut-262210-LACNIC,262210
@aut-52260-LACNIC,52260
@aut-7552-APNIC,7552
ORG-MS5-AFRINIC,37342
ORG-ST8-AP-APNIC,131267
ORG-VBS1-AFRINIC,327799
ORG-VCS1-AFRINIC,37620
ORG-VPL4-AP-APNIC,38623
ORG-VT2-AFRINIC,327885
ORG-VTL1-AP-APNIC,133606
@aut-7643-APNIC,7643
@aut-7643-APNIC,45898
@aut-7643-APNIC,45899
@aut-45896-APNIC,45895
@aut-45896-APNIC,45896
@aut-45896-APNIC,45897
ORG-SDTD1-RIPE,6752
@aut-16058-RIPE,16058
@aut-21271-RIPE,21271
@aut-25543-RIPE,25543
@aut-29544-RIPE,29544
@aut-6713-RIPE,6713
ORG-ATD1-AFRINIC,37190
ORG-ATN2-AFRINIC,37205
ORG-ATT1-AFRINIC,37229
ORG-DIC1-RIPE,5525
ORG-DIC1-RIPE,15802
ORG-DIC1-RIPE,57187
ORG-DIC1-RIPE,197911
ORG-EA2-AP-APNIC,131284
ORG-EB1-AFRINIC,37136
ORG-EM1-AFRINIC,36992
ORG-ETC1-RIPE,5384
ORG-ETC1-RIPE,8959
ORG-ETC1-RIPE,8960
ORG-ETC1-RIPE,8961
ORG-ETC1-RIPE,8966
ORG-ETC1-RIPE,59981
ORG-ETC1-RIPE,59982
ORG-ETC1-RIPE,59983
ORG-ONDP1-AFRINIC,36903
ORG-ONDP1-AFRINIC,36956
ORG-MCS5-AFRINIC,327802
ORG-SSCC1-RIPE,198247
ORG-SSCC1-RIPE,198381
ORG-SSCC1-RIPE,198394
ORG-SSCC1-RIPE,198504
ORG-SSCC1-RIPE,206283
ORG-SSCC1-RIPE,206284
ORG-TSTC1-RIPE,44703
ORG-AA137-RIPE,34170
ORG-BA2-RIPE,28787
ORG-ATJ1-RIPE,31721
ORG-IOMO1-RIPE,196821
ORG-SEHA1-RIPE,201590
ORG-SIG9-RIPE,198876
ORG-HM1-RIPE,20875
ORG-PEOP1-RIPE,9146
ORG-BA4-RIPE,5432
ORG-BA4-RIPE,5488
ORG-BA4-RIPE,28704
ORG-BA4-RIPE,29005
ORG-BICS2-RIPE,5560
ORG-BICS2-RIPE,6774
ORG-TMS6-RIPE,48526
ORG-TMS6-RIPE,56665
ORG-TMS6-RIPE,204313
ORG-UBNB1-RIPE,1891
ORG-UBNB1-RIPE,3304
ORG-UBNB1-RIPE,8644
ORG-BA242-RIPE,44814
ORG-BA6-RIPE,5416
ORG-BA6-RIPE,15539
ORG-DP1-AP-APNIC,7642
ORG-DP1-AP-APNIC,135053
ORG-NETS1-RIPE,9038
ORG-SGL2-AP-APNIC,17458
ORG-RAB1-RIPE,6697
ORG-MTJ1-RIPE,25106
ORG-BCTJ1-RIPE,60330
ORG-BCTJ1-RIPE,205475
ORG-RUET1-RIPE,35647
ORG-RUET1-RIPE,60280
ORG-FA7-RIPE,12874
ORG-SI1-RIPE,3303
ORG-SI1-RIPE,6837
ORG-SI1-RIPE,8300
ORG-SI1-RIPE,21273
ORG-SI1-RIPE,202088
ORG-SI1-RIPE,205762
ORG-CTA2-RIPE,6866
ORG-CTA2-RIPE,41657
ORG-CA786-RIPE,39791
ORG-CTS25-RIPE,64411
ORG-CTS25-RIPE,205087
ORG-RRDT1-RIPE,60174
ORG-GA14-RIPE,21214
ORG-JT7-RIPE,8681
ORG-GNC1-RIPE,8301
ORG-GNC1-RIPE,205369
ORG-GNC1-RIPE,205707
ORG-TG8-RIPE,8818
ORG-OIVD1-RIPE,48797
ORG-AT2-RIPE,8990
ORG-AT2-RIPE,20568
ORG-HDTK1-RIPE,41885
ORG-HPCL1-RIPE,47169
ORG-HPCL1-RIPE,196958
ORG-TIC4-RIPE,48159
ORG-TIC4-RIPE,49666
ORG-TIC4-RIPE,50722
ORG-ICSA1-RIPE,44244
ORG-ITCP1-RIPE,58224
ORG-MCCO2-RIPE,43358
ORG-MCCO2-RIPE,197207
ORG-TCOI1-RIPE,12880
ORG-TCOI1-RIPE,60148
ORG-PI25-RIPE,43976
ORG-PS11-RIPE,15720
ORG-JK1-RIPE,12997
ORG-ATC4-RIPE,50223
ORG-PDTI1-RIPE,8661
ORG-KDNA1-RIPE,5434
ORG-KDNA1-RIPE,8825
ORG-KDNA1-RIPE,9198
ORG-KDNA1-RIPE,39725
ORG-KDNA1-RIPE,50482
ORG-GKOK1-RIPE,29355
ORG-JA4-RIPE,29555
ORG-TA44-RIPE,48503
ORG-LA84-RIPE,42003
ORG-LA84-RIPE,42020
ORG-LLTA1-RIPE,20634
ORG-SRAT1-RIPE,15419
ORG-SRAT1-RIPE,44771
ORG-EDPE1-RIPE,6661
ORG-LA16-RIPE,6747
ORG-LA16-RIPE,6906
ORG-LA16-RIPE,12578
ORG-MS14-RIPE,8926
ORG-MS14-RIPE,31580
ORG-MS14-RIPE,41221
ORG-DTC1-AP-APNIC,9587
ORG-DTC1-AP-APNIC,133543
ORG-DTSB1-AP-APNIC,4818
ORG-GL6-AP-APNIC,24389
ORG-NA38-RIPE,2119
ORG-NA38-RIPE,8210
ORG-NA38-RIPE,8394
ORG-NA38-RIPE,8786
ORG-NA38-RIPE,39197
ORG-SA20-RIPE,6785
ORG-SA20-RIPE,9158
ORG-TACP1-AP-APNIC,10089
ORG-TACP1-AP-APNIC,17724
ORG-TACP1-AP-APNIC,24378
ORG-TM1-AP-APNIC,133385
ORG-TPL5-AP-APNIC,24499
ORG-VSA1-RIPE,25169
ORG-TGSA1-RIPE,15932
ORG-MCPA1-RIPE,42980
ORG-MEA38-RIPE,5377
ORG-MEA38-RIPE,8264
ORG-MEA38-RIPE,8841
ORG-MEA38-RIPE,9207
ORG-MEA38-RIPE,44933
ORG-TBHA1-RIPE,43905
ORG-TBHA1-RIPE,47152
ORG-TBHA1-RIPE,47153
ORG-TGSA1-RIPE,15932
ORG-FNL1-RIPE,6793
ORG-FNL1-RIPE,8236
ORG-FNL1-RIPE,12375
ORG-FNL1-RIPE,12918
ORG-FNL1-RIPE,15501
ORG-FNL1-RIPE,15970
ORG-FNL1-RIPE,16086
ORG-FNL1-RIPE,20542
ORG-FNL1-RIPE,49422
ORG-NA404-RIPE,197943
ORG-OA21-RIPE,33885
ORG-GTO1-RIPE,8529
ORG-GTO1-RIPE,28885
ORG-TS16-RIPE,6778
ORG-TS16-RIPE,20804
ORG-TS16-RIPE,35253
ORG-RTSD1-RIPE,29003
ORG-ACL18-RIPE,51684
ORG-ISPL4-AP-APNIC,131219
ORG-OML2-AP-APNIC,132167
ORG-OMPL1-AP-APNIC,55944
ORG-OQTC1-RIPE,50010
ORG-OQTC1-RIPE,201413
ORG-PIMM1-AP-APNIC,4795
ORG-PIMM1-AP-APNIC,24052
ORG-PIMM1-AP-APNIC,38490
ORG-PIT1-AP-APNIC,4761
ORG-PIT1-AP-APNIC,17922
ORG-PIT1-AP-APNIC,45239
ORG-QT1-RIPE,8781
ORG-QT1-RIPE,34796
ORG-QT1-RIPE,42298
ORG-QT1-RIPE,59966
ORG-TS4-AFRINIC,37693
ORG-WPMT1-RIPE,48966
ORG-WT1-RIPE,29357
ORG-WTA1-AFRINIC,33779
ORG-SRS3-RIPE,15471
ORG-TS21-RIPE,8400
ORG-DZTD1-RIPE,43940
ORG-DZTD1-RIPE,201777
ORG-LIEA1-RIPE,16178
ORG-MAG9-RIPE,200724
ORG-TS1-RIPE,25144
ORG-YI2-RIPE,8771
ORG-ENAD1-RIPE,44252
ORG-PZPP1-RIPE,51052
ORG-PZPU1-RIPE,44323
ORG-RVD1-RIPE,41937
ORG-YI2-RIPE,8771
ORG-EKD1-RIPE,198252
ORG-CJSC19-RIPE,8485
ORG-CJSC19-RIPE,12688
ORG-CJSC19-RIPE,15774
ORG-CJSC19-RIPE,16285
ORG-CJSC19-RIPE,20485
ORG-CJSC19-RIPE,20870
ORG-CJSC19-RIPE,21191
ORG-CJSC19-RIPE,21438
ORG-CJSC19-RIPE,24626
ORG-CJSC19-RIPE,24923
ORG-CJSC19-RIPE,28745
ORG-CJSC19-RIPE,28906
ORG-CJSC19-RIPE,31364
ORG-CJSC19-RIPE,31501
ORG-CJSC19-RIPE,35641
ORG-CJSC19-RIPE,39660
ORG-CJSC19-RIPE,43782
ORG-CJSC19-RIPE,44775
ORG-CJSC19-RIPE,47241
ORG-CJSC19-RIPE,47313
ORG-CJSC19-RIPE,49301
ORG-CJSC19-RIPE,50714
ORG-CJSC19-RIPE,51003
ORG-CJSC19-RIPE,51543
ORG-CJSC19-RIPE,51813
ORG-CJSC19-RIPE,56830
ORG-CJSC19-RIPE,61245
ORG-CJSC19-RIPE,196797
ORG-CJSC19-RIPE,197333
ORG-GC21-RIPE,6682
ORG-GC21-RIPE,49800
ORG-GC21-RIPE,196709
ORG-JR8-RIPE,2878
ORG-JR8-RIPE,3239
ORG-JR8-RIPE,5573
ORG-JR8-RIPE,5591
ORG-JR8-RIPE,6828
ORG-JR8-RIPE,6863
ORG-JR8-RIPE,8249
ORG-JR8-RIPE,8382
ORG-JR8-RIPE,8443
ORG-JR8-RIPE,8557
ORG-JR8-RIPE,8570
ORG-JR8-RIPE,8594
ORG-JR8-RIPE,8675
ORG-JR8-RIPE,8828
ORG-JR8-RIPE,8997
ORG-JR8-RIPE,12332
ORG-JR8-RIPE,12380
ORG-JR8-RIPE,12389
ORG-JR8-RIPE,12683
ORG-JR8-RIPE,12705
ORG-JR8-RIPE,12730
ORG-JR8-RIPE,12846
ORG-JR8-RIPE,13056
ORG-JR8-RIPE,13118
ORG-JR8-RIPE,15468
ORG-JR8-RIPE,15500
ORG-JR8-RIPE,15759
ORG-JR8-RIPE,15934
ORG-JR8-RIPE,16054
ORG-JR8-RIPE,16287
ORG-JR8-RIPE,16301
ORG-JR8-RIPE,20519
ORG-JR8-RIPE,21017
ORG-JR8-RIPE,21289
ORG-JR8-RIPE,21378
ORG-JR8-RIPE,21479
ORG-JR8-RIPE,21487
ORG-JR8-RIPE,24612
ORG-JR8-RIPE,24665
ORG-JR8-RIPE,24699
ORG-JR8-RIPE,24783
ORG-JR8-RIPE,24789
ORG-JR8-RIPE,24810
ORG-JR8-RIPE,24873
ORG-JR8-RIPE,25008
ORG-JR8-RIPE,25405
ORG-JR8-RIPE,25436
ORG-JR8-RIPE,25490
ORG-JR8-RIPE,25510
ORG-JR8-RIPE,25515
ORG-JR8-RIPE,28719
ORG-JR8-RIPE,28802
ORG-JR8-RIPE,28860
ORG-JR8-RIPE,29069
ORG-JR8-RIPE,29456
ORG-JR8-RIPE,30749
ORG-JR8-RIPE,30974
ORG-JR8-RIPE,31094
ORG-JR8-RIPE,31185
ORG-JR8-RIPE,31353
ORG-JR8-RIPE,31496
ORG-JR8-RIPE,33887
ORG-JR8-RIPE,33934
ORG-JR8-RIPE,34137
ORG-JR8-RIPE,34168
ORG-JR8-RIPE,34205
ORG-JR8-RIPE,34267
ORG-JR8-RIPE,34297
ORG-JR8-RIPE,34449
ORG-JR8-RIPE,34584
ORG-JR8-RIPE,34875
ORG-JR8-RIPE,34974
ORG-JR8-RIPE,35078
ORG-JR8-RIPE,35125
ORG-JR8-RIPE,35154
ORG-JR8-RIPE,35177
ORG-JR8-RIPE,35389
ORG-JR8-RIPE,35400
ORG-JR8-RIPE,35516
ORG-JR8-RIPE,35531
ORG-JR8-RIPE,38951
ORG-JR8-RIPE,38985
ORG-JR8-RIPE,39054
ORG-JR8-RIPE,39229
ORG-JR8-RIPE,39407
ORG-JR8-RIPE,41134
ORG-JR8-RIPE,41440
ORG-JR8-RIPE,42091
ORG-JR8-RIPE,42362
ORG-JR8-RIPE,42448
ORG-JR8-RIPE,42548
ORG-JR8-RIPE,42610
ORG-JR8-RIPE,42825
ORG-JR8-RIPE,43053
ORG-JR8-RIPE,43132
ORG-JR8-RIPE,43468
ORG-JR8-RIPE,43574
ORG-JR8-RIPE,43975
ORG-JR8-RIPE,44237
ORG-JR8-RIPE,44412
ORG-JR8-RIPE,44467
ORG-JR8-RIPE,47460
ORG-JR8-RIPE,51281
ORG-JR8-RIPE,56341
ORG-JR8-RIPE,56350
ORG-JR8-RIPE,196747
ORG-MCC1-RIPE,12538
ORG-MCC1-RIPE,12958
ORG-MCC1-RIPE,15378
ORG-MCC1-RIPE,28702
ORG-MCC1-RIPE,29412
ORG-MCC1-RIPE,34266
ORG-MCC1-RIPE,34287
ORG-MCC1-RIPE,39374
ORG-MCC1-RIPE,39462
ORG-MCC1-RIPE,39475
ORG-MCC1-RIPE,41330
ORG-MCC1-RIPE,41592
ORG-MCC1-RIPE,42437
ORG-MCC1-RIPE,44711
ORG-MCC1-RIPE,48092
ORG-MCC1-RIPE,48190
ORG-MCC1-RIPE,49331
ORG-AA49-RIPE,8439
ORG-AA49-RIPE,48753
ORG-AA49-RIPE,50514
ORG-BC2-RIPE,28812
ORG-BC2-RIPE,28881
ORG-FSUE2-RIPE,48302
ORG-GL4-RIPE,30733
ORG-GL4-RIPE,44982
ORG-GL4-RIPE,50565
ORG-GL4-RIPE,51804
ORG-IA562-RIPE,34892
ORG-IL159-RIPE,49291
ORG-JTN1-RIPE,21127
ORG-LR7-RIPE,44733
ORG-LTM3-RIPE,31436
ORG-LTM3-RIPE,44927
ORG-MGC1-RIPE,41024
ORG-MGC1-RIPE,44587
ORG-MNL1-RIPE,31257
ORG-MNL1-RIPE,50427
ORG-MTC3-RIPE,8470
ORG-OTL21-RIPE,204137
ORG-RA25-RIPE,8342
ORG-RSCC1-RIPE,57107
ORG-TL274-RIPE,60388
ORG-UL32-RIPE,15638
ORG-SSTC1-RIPE,25019
ORG-SSTC1-RIPE,31177
ORG-SSTC1-RIPE,39386
ORG-SSTC1-RIPE,39891
ORG-SSTC1-RIPE,41426
ORG-KTCA1-RIPE,47589
ORG-QGTC1-RIPE,9155
ORG-VBBC1-RIPE,51375
ORG-AFIS1-RIPE,25233
ORG-AFIS1-RIPE,43987
ORG-AFIS1-RIPE,58250
ORG-AFIS1-RIPE,201768
ORG-AFIS1-RIPE,201769
ORG-AFIS1-RIPE,201771
ORG-DTC8-RIPE,202392
ORG-TA1002-RIPE,49769
ORG-SID2-RIPE,2610
ORG-SID2-RIPE,5603
ORG-SID2-RIPE,8307
ORG-SID2-RIPE,42681
ORG-IA73-RIPE,21246
ORG-STE1-RIPE,29256
ORG-STE1-RIPE,29386
ORG-STE1-RIPE,201550
ORG-OJSC22-RIPE,51346
ORG-AAC6-RIPE,59974
ORG-TIN2-RIPE,20661
ORG-TNOA1-RIPE,51495
ORG-CAT1-RIPE,20521
ORG-CCSL13-RIPE,35432
ORG-MCL12-RIPE,35356
ORG-TUHV1-RIPE,47524
ORG-UNCN1-RIPE,8193
ORG-UNCN1-RIPE,28910
ORG-UNCN1-RIPE,202660
ORG-FECL1-RIPE,49273
ORG-JC7-RIPE,34250
ORG-JC7-RIPE,197486
ORG-JC7-RIPE,201767
ORG-JC7-RIPE,202175
ORG-UMSL2-RIPE,64466
ORG-HSVC1-RIPE,8978
ORG-PTC4-RIPE,30873
APUA-1-ARIN,11594
BTC-16-ARIN,8014
